Gm#,Date,Opp,W/L,W-L,Rank,GB,D/N,Attendance,cLI,Streak,H Game #,Pitcher,Day,Year,Win Avg,,
1,"Monday, Apr 6",CLE,W,1-0,1,Tied,N,43753,0.9,+,1,Keuchel,M,2015,1,,
2,"Wednesday, Apr 8",CLE,L,1-1,3,0.5,N,23078,0.97,-,2,Feldman,W,2015,0.5,,
3,"Thursday, Apr 9",CLE,L,1-2,4,1,D,22593,0.97,--,3,Wojciechowski,TH,2015,0.333333333,,
7,"Monday, Apr 13",OAK,L,3-4,2,0.5,N,19279,1.12,-,4,Feldman,M,2015,0.428571429,,
8,"Tuesday, Apr 14",OAK,L,3-4,3,1.5,N,18935,1.1,--,5,Peacock,T,2015,0.428571429,,
9,"Wednesday, Apr 15",OAK,W,4-5,2,0.5,N,19777,1.02,+,6,McHugh,W,2015,0.444444444,,
10,"Friday, Apr 17",LAA,L,4-6,4,1,N,22660,1.08,-,7,Qualls,F,2015,0.4,,
11,"Saturday, Apr 18",LAA,W,5-6,2,0.5,N,28209,1.04,+,8,Keuchel,SA,2015,0.454545455,,
12,"Sunday, Apr 19",LAA,W,6-6,1,up 0.5,D,24254,1.08,++,9,Feldman,S,2015,0.5,,
22,"Thursday, Apr 30",SEA,W-wo,15-7,1,up 4.0,N,19108,1.39,+++++++,10,Leone,TH,2015,0.681818182,,
23,"Friday, May 1",SEA,W,16-7,1,up 5.0,N,21834,1.44,++++++++,11,Fields,F,2015,0.695652174,,
24,"Saturday, May 2",SEA,W,17-7,1,up 6.0,N,24435,1.42,+++++++++,12,McHugh,SA,2015,0.708333333,,
25,"Sunday, May 3",SEA,W,18-7,1,up 7.0,D,25283,1.41,++++++++++,13,Neshek,S,2015,0.72,,
26,"Monday, May 4",TEX,L,18-8,1,up 7.0,N,17597,1.24,-,14,Qualls,M,2015,0.692307692,,
27,"Tuesday, May 5",TEX,L,18-9,1,up 6.0,N,20951,1.37,--,15,Feldman,T,2015,0.666666667,,
28,"Wednesday, May 6",TEX,L,18-10,1,up 5.0,N,22230,1.36,---,16,Deduno,W,2015,0.642857143,,
33,"Tuesday, May 12",SFG,L,20-13,1,up 4.0,N,20468,1.24,--,17,McHugh,T,2015,0.606060606,,
34,"Wednesday, May 13",SFG,W,21-13,1,up 4.0,N,20725,1.24,+,18,Qualls,W,2015,0.617647059,,
35,"Thursday, May 14",TOR,W,22-13,1,up 4.5,N,15777,1.26,++,19,Fields,TH,2015,0.628571429,,
36,"Friday, May 15",TOR,W,23-13,1,up 4.5,N,21653,1.22,+++,20,Keuchel,F,2015,0.638888889,,
37,"Saturday, May 16",TOR,W,24-13,1,up 4.5,N,27102,1.29,++++,21,Feldman,SA,2015,0.648648649,,
38,"Sunday, May 17",TOR,W,25-13,1,up 5.5,D,25307,1.21,+++++,22,McHugh,S,2015,0.657894737,,
39,"Monday, May 18",OAK,L,25-14,1,up 5.5,N,21724,1.22,-,23,Thatcher,M,2015,0.641025641,,
40,"Tuesday, May 19",OAK,W,26-14,1,up 5.5,N,17575,1.31,+,24,Hernandez,T,2015,0.65,,
41,"Wednesday, May 20",OAK,W,27-14,1,up 5.5,D,21066,1.26,++,25,Keuchel,W,2015,0.658536585,,
49,"Friday, May 29",CHW,L,30-19,1,up 5.0,N,25957,1.25,--,26,Fields,F,2015,0.612244898,,
50,"Saturday, May 30",CHW,W,31-19,1,up 5.0,D,29720,1.32,+,27,Keuchel,SA,2015,0.62,,
51,"Sunday, May 31",CHW,L,31-20,1,up 4.0,D,27423,1.31,-,28,Hernandez,S,2015,0.607843137,,
52,"Monday, Jun 1",BAL,W,32-20,1,up 4.0,N,17259,1.32,+,29,Harris,M,2015,0.615384615,,
53,"Tuesday, Jun 2",BAL,W,33-20,1,up 5.0,N,18730,1.32,++,30,McHugh,T,2015,0.622641509,,
54,"Wednesday, Jun 3",BAL,W,34-20,1,up 6.0,N,20305,1.29,+++,31,McCullers,W,2015,0.62962963,,
55,"Thursday, Jun 4",BAL,L,34-21,1,up 5.5,D,20219,1.22,-,32,Qualls,TH,2015,0.618181818,,
62,"Friday, Jun 12",SEA,W,35-27,1,up 2.5,N,32173,1.57,+,33,Oberholtzer,F,2015,0.564516129,,
63,"Saturday, Jun 13",SEA,L,35-28,1,up 1.5,D,36762,1.51,-,34,McHugh,SA,2015,0.555555556,,
64,"Sunday, Jun 14",SEA,W,36-28,1,up 2.5,D,29153,1.54,+,35,McCullers,S,2015,0.5625,,
65,"Monday, Jun 15",COL,W,37-28,1,up 2.5,N,21820,1.42,++,36,Keuchel,M,2015,0.569230769,,
66,"Tuesday, Jun 16",COL,W,38-28,1,up 2.5,D,22245,1.34,+++,37,Harris,T,2015,0.575757576,,
75,"Thursday, Jun 25",NYY,W,43-32,1,up 5.0,N,28643,1.52,+,38,Keuchel,TH,2015,0.573333333,,
76,"Friday, Jun 26",NYY,L,43-33,1,up 5.0,N,37748,1.52,-,39,Harris,F,2015,0.565789474,,
77,"Saturday, Jun 27",NYY,L,43-34,1,up 4.0,D,41133,1.46,--,40,Neshek,SA,2015,0.558441558,,
78,"Sunday, Jun 28",NYY,W,44-34,1,up 4.0,D,31961,1.51,+,41,McHugh,S,2015,0.564102564,,
79,"Monday, Jun 29",KCR,W,45-34,1,up 4.0,N,20419,1.5,++,42,McCullers,M,2015,0.569620253,,
80,"Tuesday, Jun 30",KCR,W,46-34,1,up 4.0,N,24642,1.5,+++,43,Keuchel,T,2015,0.575,,
81,"Wednesday, Jul 1",KCR,W,47-34,1,up 5.0,N,25848,1.54,++++,44,Gregerson,W,2015,0.580246914,,
92,"Friday, Jul 17",TEX,W,50-42,2,0.5,N,36904,1.79,+,45,McHugh,F,2015,0.543478261,,
93,"Saturday, Jul 18",TEX,L,50-43,2,1.5,N,41941,1.75,-,46,Feldman,SA,2015,0.537634409,,
94,"Sunday, Jul 19",TEX,W,51-43,2,1,D,36532,1.84,+,47,Keuchel,S,2015,0.542553191,,
95,"Tuesday, Jul 21",BOS,W,52-43,2,2,N,26913,1.62,++,48,Velasquez,T,2015,0.547368421,,
96,"Wednesday, Jul 22",BOS,W,53-43,2,2,N,31104,1.61,+++,49,McHugh,W,2015,0.552083333,,
97,"Thursday, Jul 23",BOS,W-wo,54-43,2,1,N,30748,1.61,++++,50,Breslow,TH,2015,0.556701031,,
101,"Tuesday, Jul 28",LAA,W,56-45,1,Tied,N,24031,2.4,+,51,McHugh,T,2015,0.554455446,,
102,"Wednesday, Jul 29",LAA,W,57-45,1,up 1.0,N,31272,2.34,++,52,McCullers,W,2015,0.558823529,,
103,"Thursday, Jul 30",LAA,W-wo,58-45,1,up 2.0,N,27598,2.29,+++,53,Alvarez,TH,2015,0.563106796,,
104,"Friday, Jul 31",ARI,L,58-46,1,up 2.0,N,34720,1.45,-,54,Neshek,F,2015,0.557692308,,
105,"Saturday, Aug 1",ARI,W,59-46,1,up 3.0,N,36602,1.57,+,55,Keuchel,SA,2015,0.561904762,,
106,"Sunday, Aug 2",ARI,W,60-46,1,up 4.0,D,33871,1.46,++,56,McHugh,S,2015,0.566037736,,
116,"Friday, Aug 14",DET,W,63-53,1,up 2.5,N,33212,1.88,++,57,Keuchel,F,2015,0.543103448,,
117,"Saturday, Aug 15",DET,L,63-54,1,up 2.5,N,29482,1.73,-,58,Neshek,SA,2015,0.538461538,,
118,"Sunday, Aug 16",DET,W-wo,64-54,1,up 3.5,D,29969,1.86,+,59,Gorzelanny,S,2015,0.542372881,,
119,"Monday, Aug 17",TBR,L,64-55,1,up 2.5,N,16256,1.86,-,60,Kazmir,M,2015,0.537815126,,
120,"Tuesday, Aug 18",TBR,W-wo,65-55,1,up 2.5,N,17749,1.96,+,61,Boxberger,T,2015,0.541666667,,
121,"Wednesday, Aug 19",TBR,W-wo,66-55,1,up 2.5,N,26001,1.89,++,62,Andriese,W,2015,0.545454545,,
122,"Thursday, Aug 20",TBR,L,66-56,1,up 2.5,N,18177,1.84,-,63,McHugh,TH,2015,0.540983607,,
123,"Friday, Aug 21",LAD,W,67-56,1,up 3.5,N,33833,1.9,+,64,Fiers,F,2015,0.544715447,,
124,"Saturday, Aug 22",LAD,W,68-56,1,up 4.0,N,39999,1.82,++,65,Kazmir,SA,2015,0.548387097,,
125,"Sunday, Aug 23",LAD,W-wo,69-56,1,up 4.0,D,28665,1.72,+++,66,Hatcher,S,2015,0.552,,
132,"Monday, Aug 31",SEA,W,73-59,1,up 4.0,N,19923,1.53,+,67,Keuchel,M,2015,0.553030303,,
133,"Tuesday, Sep 1",SEA,L,73-60,1,up 3.0,N,18157,1.29,-,68,Neshek,T,2015,0.54887218,,
134,"Wednesday, Sep 2",SEA,L,73-61,1,up 2.0,N,18669,1.65,--,69,Neshek,W,2015,0.544776119,,
135,"Friday, Sep 4",MIN,W,74-61,1,up 3.0,N,27807,2.1,+,70,McHugh,F,2015,0.548148148,,
136,"Saturday, Sep 5",MIN,L,74-62,1,up 2.0,N,27643,1.82,-,71,Gregerson,SA,2015,0.544117647,,
137,"Sunday, Sep 6",MIN,W,75-62,1,up 3.0,D,37648,2.18,+,72,Keuchel,S,2015,0.547445255,,
148,"Friday, Sep 18",OAK,L,77-71,2,2.5,N,27567,2.58,-----,73,Neshek,F,2015,0.52027027,,
149,"Saturday, Sep 19",OAK,W,78-71,2,2.5,N,27044,2.6,+,74,Qualls,SA,2015,0.523489933,,
150,"Sunday, Sep 20",OAK,W,79-71,2,1.5,D,22453,2.6,++,75,McHugh,S,2015,0.526666667,,
151,"Monday, Sep 21",LAA,W,80-71,2,1,N,25318,3.49,+++,76,Keuchel,M,2015,0.529801325,,
152,"Tuesday, Sep 22",LAA,L,80-72,2,2,N,25671,3.15,-,77,McCullers,T,2015,0.526315789,,
153,"Wednesday, Sep 23",LAA,L,80-73,2,3,D,25573,3.56,--,78,Harris,W,2015,0.522875817,,
154,"Friday, Sep 25",TEX,L,80-74,2,4.5,N,35180,2.95,---,79,Kazmir,F,2015,0.519480519,,
155,"Saturday, Sep 26",TEX,W,81-74,2,3.5,D,35736,2.41,+,80,McHugh,SA,2015,0.522580645,,
156,"Sunday, Sep 27",TEX,W,82-74,2,2.5,D,36084,2.8,++,81,Keuchel,S,2015,0.525641026,,
7,"Monday, Apr 11",KCR,W,3-4,3,0.5,N,43332,0.9,+,1,McHugh,M,2016,0.428571429,,
8,"Tuesday, Apr 12",KCR,L,3-5,4,1.5,N,21027,0.97,-,2,Fiers,T,2016,0.375,,
9,"Wednesday, Apr 13",KCR,L,3-6,4,2,N,24109,0.92,--,3,Giles,W,2016,0.333333333,,
10,"Thursday, Apr 14",KCR,L,3-7,5,2.5,N,21203,0.86,---,4,Fister,TH,2016,0.3,,
11,"Friday, Apr 15",DET,W,4-7,4,1.5,N,30092,0.81,+,5,Keuchel,F,2016,0.363636364,,
12,"Saturday, Apr 16",DET,L,4-8,5,2.5,N,30013,0.86,-,6,McHugh,SA,2016,0.333333333,,
13,"Sunday, Apr 17",DET,W,5-8,5,2,D,30657,0.81,+,7,Fiers,SA,2016,0.384615385,,
17,"Friday, Apr 22",BOS,L,5-9,5,5,N,26672,0.64,----,8,McHugh,F,2016,0.357142857,,
18,"Saturday, Apr 23",BOS,W,5-10,5,4,D,40232,0.61,+,9,Fiers,SA,2016,0.333333333,,
19,"Sunday, Apr 24",BOS,L,5-11,5,4,N,32416,0.71,-,10,Giles,SA,2016,0.3125,,
26,"Monday, May 2",MIN,L,8-18,5,7,N,18243,0.5,-,11,Keuchel,M,2016,0.307692308,,
27,"Tuesday, May 3",MIN,W,9-18,5,6.5,N,21153,0.48,+,12,McHugh,T,2016,0.333333333,,
28,"Wednesday, May 4",MIN,W,10-18,5,6.5,N,20847,0.54,++,13,Feldman,W,2016,0.357142857,,
29,"Thursday, May 5",SEA,L,10-19,5,7.5,N,20151,0.69,-,14,Gregerson,TH,2016,0.344827586,,
30,"Friday, May 6",SEA,W,11-19,5,6.5,N,25413,0.57,+,15,Fister,F,2016,0.366666667,,
31,"Saturday, May 7",SEA,L,11-20,5,7.5,N,31559,0.65,-,16,Sipp,SA,2016,0.35483871,,
32,"Sunday, May 8",SEA,W,12-20,5,6.5,D,28148,0.59,+,17,McHugh,SA,2016,0.375,,
33,"Monday, May 9",CLE,W,13-20,5,6.5,N,20222,0.57,++,18,Fiers,M,2016,0.393939394,,
34,"Tuesday, May 10",CLE,L,13-21,5,7.5,N,23976,0.61,-,19,Devenski,T,2016,0.382352941,,
35,"Wednesday, May 11",CLE,W-wo,14-21,3,7.5,D,24453,0.53,+,20,Anderson,W,2016,0.4,,
43,"Friday, May 20",TEX,L,17-26,5,8,N,28724,0.59,--,21,McCullers,F,2016,0.395348837,,
44,"Saturday, May 21",TEX,L,17-27,5,9,N,35040,0.53,---,22,Fiers,SA,2016,0.386363636,,
45,"Sunday, May 22",TEX,L,17-28,5,10,D,35035,0.44,----,23,Keuchel,SA,2016,0.377777778,,
46,"Tuesday, May 24",BAL,W-wo,18-28,5,9.5,N,24783,0.31,+,24,Bundy,T,2016,0.391304348,,
47,"Wednesday, May 25",BAL,W,19-28,5,9.5,N,25618,0.36,++,25,Neshek,W,2016,0.404255319,,
48,"Thursday, May 26",BAL,W,20-28,4,9,N,23826,0.39,+++,26,McCullers,TH,2016,0.416666667,,
54,"Wednesday, Jun 1",ARI,W-wo,25-29,3,6.5,N,22642,0.55,+++++,27,Clippard,W,2016,0.462962963,,
55,"Thursday, Jun 2",ARI,L,25-30,4,7,D,21764,0.63,-,28,Keuchel,TH,2016,0.454545455,,
56,"Friday, Jun 3",OAK,W,26-30,3,7,N,26458,0.59,+,29,Fister,F,2016,0.464285714,,
57,"Saturday, Jun 4",OAK,W-wo,27-30,3,7,D,37223,0.72,++,30,Madson,SA,2016,0.473684211,,
58,"Sunday, Jun 5",OAK,W,28-30,3,7,D,30817,0.76,+++,31,McCullers,S,2016,0.482758621,,
68,"Friday, Jun 17",CIN,L,32-36,3,11,N,37560,0.67,-,32,Neshek,F,2016,0.470588235,,
69,"Saturday, Jun 18",CIN,W-wo,33-36,3,11,D,39111,0.53,+,33,Smith,SA,2016,0.47826087,,
70,"Sunday, Jun 19",CIN,W,34-36,3,11,D,36369,0.58,++,34,Fiers,S,2016,0.485714286,,
71,"Monday, Jun 20",LAA,W,35-36,3,11,N,22553,0.65,+++,35,Fister,M,2016,0.492957746,,
72,"Tuesday, Jun 21",LAA,W-wo,36-36,3,10,N,25004,0.71,++++,36,Street,T,2016,0.5,,
73,"Wednesday, Jun 22",LAA,W,37-36,2,10,D,29649,0.84,+++++,37,Gregerson,W,2016,0.506849315,,
80,"Friday, Jul 1",CHW,W,43-37,2,8.5,N,31965,1.14,++++,38,Fiers,F,2016,0.5375,,
81,"Saturday, Jul 2",CHW,L,43-38,2,8.5,D,35116,1.14,-,39,Fister,SA,2016,0.530864198,,
82,"Sunday, Jul 3",CHW,L,43-39,2,8.5,D,30379,1.11,--,40,McHugh,S,2016,0.524390244,,
83,"Monday, Jul 4",SEA,W,44-39,2,7.5,D,29844,1.13,+,41,McCullers,M,2016,0.530120482,,
84,"Tuesday, Jul 5",SEA,W,45-39,2,7.5,N,21553,1.21,++,42,Keuchel,T,2016,0.535714286,,
85,"Wednesday, Jul 6",SEA,W,46-39,2,6.5,N,25709,1.24,+++,43,Giles,W,2016,0.541176471,,
86,"Thursday, Jul 7",OAK,L,46-40,2,6.5,N,20933,1.23,-,44,Fister,TH,2016,0.534883721,,
87,"Friday, Jul 8",OAK,W-wo,47-40,2,6.5,N,31438,1.2,+,45,Madson,F,2016,0.540229885,,
88,"Saturday, Jul 9",OAK,L,47-41,2,6.5,D,35312,1.21,-,46,McCullers,SA,2016,0.534090909,,
89,"Sunday, Jul 10",OAK,W-wo,48-41,2,5.5,D,28119,1.17,+,47,Hendriks,S,2016,0.539325843,,
96,"Friday, Jul 22",LAA,W,52-44,2,2.5,N,36453,1.48,++,48,McCullers,F,2016,0.541666667,,
97,"Saturday, Jul 23",LAA,W,53-44,2,2.5,N,35119,1.59,+++,49,McHugh,SA,2016,0.546391753,,
98,"Sunday, Jul 24",LAA,W,54-44,2,2.5,D,32721,1.59,++++,50,Fiers,S,2016,0.551020408,,
99,"Monday, Jul 25",NYY,L,54-45,2,3.5,N,30628,1.64,-,51,Keuchel,M,2016,0.545454545,,
100,"Tuesday, Jul 26",NYY,L,54-46,2,3.5,N,28134,1.6,--,52,Fister,T,2016,0.54,,
101,"Wednesday, Jul 27",NYY,W,55-46,2,2.5,N,35186,1.64,+,53,McCullers,W,2016,0.544554455,,
105,"Monday, Aug 1",TOR,W-wo,56-49,2,5.5,N,20623,1.4,+,54,Feldman,M,2016,0.533333333,,
106,"Tuesday, Aug 2",TOR,L,56-50,2,5.5,N,24399,1.54,-,55,McCullers,T,2016,0.528301887,,
107,"Wednesday, Aug 3",TOR,L,56-51,2,5.5,N,29399,1.43,--,56,McHugh,W,2016,0.523364486,,
108,"Thursday, Aug 4",TOR,L,56-52,2,6.5,N,23190,1.36,---,57,Fiers,TH,2016,0.518518519,,
109,"Friday, Aug 5",TEX,W,57-52,2,5.5,N,32820,1.47,+,58,Keuchel,F,2016,0.52293578,,
110,"Saturday, Aug 6",TEX,L,57-53,2,6.5,N,42272,1.65,-,59,Devenski,SA,2016,0.518181818,,
111,"Sunday, Aug 7",TEX,L,57-54,3,7.5,D,33909,1.36,--,60,Devenski,S,2016,0.513513514,,
119,"Tuesday, Aug 16",STL,L,61-58,3,9,N,30438,0.78,---,61,Keuchel,T,2016,0.512605042,,
120,"Wednesday, Aug 17",STL,L,61-59,3,10,D,27508,0.63,----,62,Fister,W,2016,0.508333333,,
128,"Friday, Aug 26",TBR,W-wo,67-61,3,7.5,N,25852,0.86,++,63,Colomé,F,2016,0.5234375,,
129,"Saturday, Aug 27",TBR,W,68-61,2,7.5,N,36544,1,+++,64,Keuchel,SA,2016,0.527131783,,
130,"Sunday, Aug 28",TBR,L,68-62,2,8.5,D,37484,1.12,-,65,Fister,S,2016,0.523076923,,
131,"Monday, Aug 29",OAK,W,69-62,2,8.5,N,18613,0.94,+,66,Musgrove,M,2016,0.526717557,,
132,"Tuesday, Aug 30",OAK,W,70-62,2,8.5,N,23114,1.05,++,67,McHugh,T,2016,0.53030303,,
133,"Wednesday, Aug 31",OAK,W,71-62,2,8.5,D,20033,1.17,+++,68,Feliz,W,2016,0.533834586,,
141,"Friday, Sep 9",CHC,L,74-67,2,9.5,N,33841,1.05,---,69,Musgrove,F,2016,0.524822695,,
142,"Saturday, Sep 10",CHC,W,75-67,2,9.5,D,41854,0.79,+,70,McHugh,SA,2016,0.528169014,,
143,"Sunday, Sep 11",CHC,L,75-68,2,9.5,N,31939,0.9,-,71,Fiers,S,2016,0.524475524,,
144,"Monday, Sep 12",TEX,L,75-69,3,10.5,N,22147,0.7,--,72,Hoyt,M,2016,0.520833333,,
145,"Tuesday, Sep 13",TEX,L,75-70,3,11.5,N,22133,0.47,---,73,Giles,T,2016,0.517241379,,
146,"Wednesday, Sep 14",TEX,W,76-70,3,10.5,N,25041,0.31,+,74,Musgrove,W,2016,0.520547945,,
153,"Thursday, Sep 22",LAA,L,81-72,2,9,N,20022,1.88,-,75,Fiers,TH,2016,0.529411765,,
154,"Friday, Sep 23",LAA,L,81-73,3,10,N,29429,1.44,--,76,Giles,F,2016,0.525974026,,
155,"Saturday, Sep 24",LAA,L,81-74,3,11,N,27565,0.66,---,77,Gregerson,SA,2016,0.522580645,,
156,"Sunday, Sep 25",LAA,W,82-74,3,10,D,32958,0.32,+,78,Musgrove,S,2016,0.525641026,,
157,"Monday, Sep 26",SEA,L,82-75,3,10,N,24107,0.42,-,79,Gregerson,M,2016,0.522292994,,
158,"Tuesday, Sep 27",SEA,W,83-75,3,10,N,23499,0.2,+,80,Gustave,T,2016,0.525316456,,
159,"Wednesday, Sep 28",SEA,L,83-76,3,11,D,21187,0.39,-,81,Fister,W,2016,0.522012579,,
1,"Monday, Apr 3",SEA,W,1-0,1,Tied,N,41678,1.07,+,1,Keuchel,M,2017,1,,
2,"Tuesday, Apr 4",SEA,W,2-0,1,up 1.0,N,21406,1.12,++,2,McCullers,TH,2017,1,,
3,"Wednesday, Apr 5",SEA,W-wo,3-0,1,up 1.0,N,20303,1.17,+++,3,De Jong,W,2017,1,,
4,"Thursday, Apr 6",SEA,L,3-1,1,up 1.0,N,18362,1.22,-,4,Giles,TH,2017,0.75,,
5,"Friday, Apr 7",KCR,L,3-2,1,Tied,N,30491,1.02,--,5,Fiers,F,2017,0.6,,
6,"Saturday, Apr 8",KCR,L,3-3,2,1,N,35373,1.05,---,6,Gregerson,SA,2017,0.5,,
7,"Sunday, Apr 9",KCR,W-wo,4-3,2,1,D,32411,0.95,+,7,Strahm,S,2017,0.571428571,,
13,"Monday, Apr 17",LAA,W,9-4,1,up 3.5,N,23501,1.34,+++++,8,Morton,M,2017,0.692307692,,
14,"Tuesday, Apr 18",LAA,L,9-5,1,up 2.5,N,21760,1.34,-,9,Musgrove,TH,2017,0.642857143,,
15,"Wednesday, Apr 19",LAA,W,10-5,1,up 3.0,N,24028,1.31,+,10,Keuchel,W,2017,0.666666667,,
16,"Thursday, Apr 20",LAA,W,11-5,1,up 3.0,D,23173,1.37,++,11,McCullers,TH,2017,0.6875,,
23,"Friday, Apr 28",OAK,W,15-8,1,up 3.0,N,28472,1.38,+,12,Morton,F,2017,0.652173913,,
24,"Saturday, Apr 29",OAK,L,15-9,1,up 3.0,N,32147,1.39,-,13,Musgrove,SA,2017,0.625,,
25,"Sunday, Apr 30",OAK,W,16-9,1,up 3.0,D,34880,1.41,+,14,Keuchel,S,2017,0.64,,
26,"Monday, May 1",TEX,W,17-9,1,up 3.5,N,22556,1.41,++,15,Devenski,M,2017,0.653846154,,
27,"Tuesday, May 2",TEX,W,18-9,1,up 3.5,N,26208,1.38,+++,16,Hoyt,TH,2017,0.666666667,,
28,"Wednesday, May 3",TEX,W,19-9,1,up 4.5,N,27439,1.37,++++,17,Morton,W,2017,0.678571429,,
29,"Thursday, May 4",TEX,L,19-10,1,up 4.5,D,27391,1.36,-,18,Musgrove,TH,2017,0.655172414,,
33,"Tuesday, May 9",ATL,W,22-11,1,up 6.0,N,28724,1.26,++,19,Morton,TH,2017,0.666666667,,
34,"Wednesday, May 10",ATL,W,23-11,1,up 6.0,D,23676,1.26,+++,20,Musgrove,W,2017,0.676470588,,
42,"Friday, May 19",CLE,L,29-13,1,up 6.5,N,36446,1.12,-,21,Morton,F,2017,0.69047619,,
43,"Saturday, May 20",CLE,L,29-14,1,up 6.5,D,34698,1.15,--,22,Fiers,SA,2017,0.674418605,,
44,"Sunday, May 21",CLE,L,29-15,1,up 5.5,D,33476,1.17,---,23,Musgrove,S,2017,0.659090909,,
45,"Monday, May 22",DET,W,30-15,1,up 6.0,N,22146,1.28,+,24,Devenski,M,2017,0.666666667,,
46,"Tuesday, May 23",DET,W,31-15,1,up 7.0,N,23179,1.21,++,25,McCullers,TH,2017,0.673913043,,
47,"Wednesday, May 24",DET,L,31-16,1,up 7.0,N,26481,1.13,-,26,Devenski,W,2017,0.659574468,,
48,"Thursday, May 25",DET,W,32-16,1,up 8.0,N,25046,1.17,+,27,Gregerson,TH,2017,0.666666667,,
49,"Friday, May 26",BAL,W,33-16,1,up 9.0,N,31380,1.14,++,28,Musgrove,F,2017,0.673469388,,
50,"Saturday, May 27",BAL,W,34-16,1,up 9.0,N,32761,1.09,+++,29,Keuchel,SA,2017,0.68,,
51,"Sunday, May 28",BAL,W,35-16,1,up10.0,D,34720,1.03,++++,30,McCullers,S,2017,0.68627451,,
62,"Friday, Jun 9",LAA,L,43-19,1,up12.0,N,40786,0.63,-,31,Peacock,F,2017,0.693548387,,
63,"Saturday, Jun 10",LAA,W,44-19,1,up13.0,D,41296,0.73,+,32,Fiers,SA,2017,0.698412698,,
64,"Sunday, Jun 11",LAA,L,44-20,1,up12.0,D,32425,0.63,-,33,Feliz,S,2017,0.6875,,
65,"Monday, Jun 12",TEX,L,44-21,1,up12.0,N,25698,0.69,--,34,Musgrove,M,2017,0.676923077,,
66,"Tuesday, Jun 13",TEX,L,44-22,1,up11.0,N,27615,0.78,---,35,Gregerson,TH,2017,0.666666667,,
67,"Wednesday, Jun 14",TEX,W,45-22,1,up11.0,N,37221,0.94,+,36,Martes,W,2017,0.671641791,,
68,"Friday, Jun 16",BOS,L,45-23,1,up11.0,N,36189,0.69,-,37,Harris,F,2017,0.661764706,,
69,"Saturday, Jun 17",BOS,W,46-23,1,up11.0,N,41017,0.73,+,38,Paulino,SA,2017,0.666666667,,
70,"Sunday, Jun 18",BOS,L,46-24,1,up11.0,N,38389,0.66,-,39,Musgrove,S,2017,0.657142857,,
78,"Tuesday, Jun 27",OAK,L,52-26,1,up12.5,N,28312,0.43,-,40,Fiers,TH,2017,0.666666667,,
79,"Wednesday, Jun 28",OAK,W,53-26,1,up12.5,N,34075,0.47,+,41,Feliz,W,2017,0.670886076,,
80,"Thursday, Jun 29",OAK,W,54-26,1,up13.5,D,29509,0.41,++,42,Peacock,TH,2017,0.675,,
81,"Friday, Jun 30",NYY,L,54-27,1,up13.5,N,40024,0.34,-,43,Feliz,F,2017,0.666666667,,
82,"Saturday, Jul 1",NYY,W,55-27,1,up13.5,N,41010,0.33,+,44,Díaz,SA,2017,0.670731707,,
83,"Sunday, Jul 2",NYY,W,56-27,1,up14.5,D,41761,0.32,++,45,Devenski,S,2017,0.674698795,,
90,"Friday, Jul 14",MIN,W,61-29,1,up16.5,N,38006,0.14,++,46,Morton,F,2017,0.677777778,,
91,"Saturday, Jul 15",MIN,L,61-30,1,up15.5,N,41038,0.11,-,47,Musgrove,SA,2017,0.67032967,,
92,"Sunday, Jul 16",MIN,W,62-30,1,up16.5,D,38253,0.14,+,48,Fiers,S,2017,0.673913043,,
93,"Monday, Jul 17",SEA,L,62-31,1,up15.5,N,24701,0.13,-,49,Sipp,M,2017,0.666666667,,
94,"Tuesday, Jul 18",SEA,W,63-31,1,up16.5,N,27111,0.16,+,50,Peacock,TH,2017,0.670212766,,
95,"Wednesday, Jul 19",SEA,L,63-32,1,up15.5,D,35191,0.12,-,51,Morton,W,2017,0.663157895,,
105,"Monday, Jul 31",TBR,W,69-36,1,up16.0,N,24154,0.08,+,52,Morton,M,2017,0.657142857,,
106,"Tuesday, Aug 1",TBR,L,69-37,1,up15.0,N,22985,0.05,-,53,Fiers,TH,2017,0.650943396,,
107,"Wednesday, Aug 2",TBR,L,69-38,1,up15.0,N,26722,0.07,--,54,Keuchel,W,2017,0.644859813,,
108,"Thursday, Aug 3",TBR,L,69-39,1,up15.0,N,23404,0.08,---,55,Liriano,TH,2017,0.638888889,,
109,"Friday, Aug 4",TOR,W,70-39,1,up15.0,N,39287,0.1,+,56,Peacock,F,2017,0.642201835,,
110,"Saturday, Aug 5",TOR,L,70-40,1,up14.5,N,41950,0.08,-,57,Liriano,SA,2017,0.636363636,,
111,"Sunday, Aug 6",TOR,W-wo,71-40,1,up15.0,D,36300,0.1,+,58,Osuna,S,2017,0.63963964,,
120,"Wednesday, Aug 16",ARI,W,74-46,1,up12.5,N,27278,0.15,++,59,Morton,W,2017,0.616666667,,
121,"Thursday, Aug 17",ARI,L,74-47,1,up12.0,D,27949,0.12,-,60,Fiers,TH,2017,0.611570248,,
122,"Friday, Aug 18",OAK,W,75-47,1,up13.0,N,30908,0.16,+,61,Keuchel,F,2017,0.614754098,,
123,"Saturday, Aug 19",OAK,W,76-47,1,up13.0,N,32796,0.11,++,62,McHugh,SA,2017,0.617886179,,
124,"Sunday, Aug 20",OAK,L,76-48,1,up12.0,D,34011,0.09,-,63,Peacock,S,2017,0.612903226,,
125,"Tuesday, Aug 22",WSN,L,76-49,1,up11.5,N,23798,0.19,--,64,Morton,TH,2017,0.608,,
126,"Wednesday, Aug 23",WSN,W,77-49,1,up12.5,N,23434,0.17,+,65,Fiers,W,2017,0.611111111,,
127,"Thursday, Aug 24",WSN,L,77-50,1,up12.5,N,24761,0.17,-,66,Clippard,TH,2017,0.606299213,,
131,"Tuesday, Aug 29",TEX,L,79-52,1,up12.0,N,3485,0.1,-,67,Fiers,T,2017,0.603053435,,
132,"Wednesday, Aug 30",TEX,L,79-53,1,up11.0,N,6123,0.13,--,68,Keuchel,W,2017,0.598484848,,
133,"Thursday, Aug 31",TEX,W,80-53,1,up11.5,D,3385,0.17,+,69,Devenski,TH,2017,0.601503759,,
134,"Saturday, Sep 2 (1)",NYM,W,81-53,1,up12.5,D,30319,0.18,++,70,Morton,SA,2017,0.604477612,,
135,"Saturday, Sep 2 (2)",NYM,W,82-53,1,up12.5,N,34904,0.17,+++,71,Musgrove,SA,2017,0.607407407,,
136,"Sunday, Sep 3",NYM,W,83-53,1,up13.5,D,32065,0.1,++++,72,Harris,S,2017,0.610294118,,
147,"Friday, Sep 15",SEA,W,89-58,1,up14.0,N,28328,0.13,++,73,Morton,F,2017,0.605442177,,
148,"Saturday, Sep 16",SEA,W,90-58,1,up14.0,D,33650,0.15,+++,74,Keuchel,SA,2017,0.608108108,,
149,"Sunday, Sep 17",SEA,W,91-58,1,up15.0,D,30247,0.12,++++,75,Verlander,S,2017,0.610738255,,
150,"Tuesday, Sep 19",CHW,W,92-58,1,up16.0,N,23293,0.13,+++++,76,McHugh,T,2017,0.613333333,,
151,"Wednesday, Sep 20",CHW,W,93-58,1,up17.0,N,24995,0.12,++++++,77,Peacock,W,2017,0.61589404,,
152,"Thursday, Sep 21",CHW,L,93-59,1,up17.0,N,24283,0.11,-,78,Keuchel,TH,2017,0.611842105,,
153,"Friday, Sep 22",LAA,W,94-59,1,up18.0,N,34127,0.12,+,79,Verlander,F,2017,0.614379085,,
154,"Saturday, Sep 23",LAA,W,95-59,1,up19.0,D,34035,0.13,++,80,Morton,SA,2017,0.616883117,,
155,"Sunday, Sep 24",LAA,L,95-60,1,up18.0,N,36756,0.12,-,81,Devenski,S,2017,0.612903226,,
5,"Monday, Apr 2",BAL,W,4-1,1,up 1.0,N,42675,1.07,+++,1,Morton,M,2018,0.8,,
6,"Tuesday, Apr 3",BAL,W,5-1,1,up 1.0,N,40081,1.08,++++,2,Rondón,T,2018,0.833333333,,
7,"Wednesday, Apr 4",BAL,W,6-1,1,up 1.0,D,27698,1.11,+++++,3,Peacock,W,2018,0.857142857,,
8,"Friday, Apr 6",SDP,L,6-2,1,Tied,N,41138,1.1,-,4,McCullers,F,2018,0.75,,
9,"Saturday, Apr 7",SDP,W,7-2,1,up 1.0,N,42306,1.08,+,5,Devenski,SA,2018,0.777777778,,
10,"Sunday, Apr 8",SDP,W,8-2,1,up 1.0,D,37093,1.1,++,6,Morton,S,2018,0.8,,
14,"Friday, Apr 13",TEX,W,10-4,2,1.5,N,32129,1.17,+,7,Smith,F,2018,0.714285714,,
15,"Saturday, Apr 14",TEX,L,10-5,2,2.5,D,40679,1.18,-,8,Harris,SA,2018,0.666666667,,
16,"Sunday, Apr 15",TEX,L,10-6,2,3,N,31803,1.14,--,9,Rondón,S,2018,0.625,,
24,"Monday, Apr 23",LAA,L,16-8,1,up 0.5,N,29606,1.52,-,10,Cole,M,2018,0.666666667,,
25,"Tuesday, Apr 24",LAA,L,16-9,2,0.5,N,36457,1.49,--,11,Smith,T,2018,0.64,,
26,"Wednesday, Apr 25",LAA,W,17-9,1,up 0.5,D,29777,1.46,+,12,Verlander,W,2018,0.653846154,,
27,"Friday, Apr 27",OAK,L,17-10,1,up 0.5,N,32636,1.4,-,13,Keuchel,F,2018,0.62962963,,
28,"Saturday, Apr 28",OAK,W,18-10,1,up 1.5,N,41493,1.39,+,14,McCullers,SA,2018,0.642857143,,
29,"Sunday, Apr 29",OAK,W,19-10,1,up 2.0,D,39131,1.41,++,15,Harris,S,2018,0.655172414,,
30,"Monday, Apr 30",NYY,W,20-10,1,up 2.5,N,30061,1.29,+++,16,Morton,M,2018,0.666666667,,
31,"Tuesday, May 1",NYY,L,20-11,1,up 1.5,N,34386,1.26,-,17,Giles,T,2018,0.64516129,,
32,"Wednesday, May 2",NYY,L,20-12,1,up 1.0,N,31617,1.27,--,18,Keuchel,W,2018,0.625,,
33,"Thursday, May 3",NYY,L,20-13,1,Tied,D,34838,1.28,---,19,Harris,TH,2018,0.606060606,,
40,"Friday, May 11",TEX,L,24-16,1,Tied,N,34297,1.29,-,20,Verlander,F,2018,0.6,,
41,"Saturday, May 12",TEX,W,25-16,1,up 1.0,N,36482,1.27,+,21,Morton,SA,2018,0.609756098,,
42,"Sunday, May 13",TEX,W,26-16,1,up 1.0,D,39405,1.3,++,22,Keuchel,S,2018,0.619047619,,
46,"Friday, May 18",CLE,W,29-17,1,up 3.0,N,35959,1.29,+++,23,Morton,F,2018,0.630434783,,
47,"Saturday, May 19",CLE,L,29-18,1,up 2.0,D,39926,1.29,-,24,Keuchel,SA,2018,0.617021277,,
48,"Sunday, May 20",CLE,W,30-18,1,up 2.0,N,30770,1.3,+,25,McCullers,S,2018,0.625,,
49,"Tuesday, May 22",SFG,W,31-18,1,up 2.0,N,35638,1.29,++,26,Cole,T,2018,0.632653061,,
50,"Wednesday, May 23",SFG,W,32-18,1,up 2.0,D,31929,1.26,+++,27,Verlander,W,2018,0.64,,
58,"Thursday, May 31",BOS,W,36-22,1,up 1.0,N,30658,1.36,+,28,McCullers,TH,2018,0.620689655,,
59,"Friday, Jun 1",BOS,W,37-22,1,up 1.0,N,37244,1.34,++,29,Cole,F,2018,0.627118644,,
60,"Saturday, Jun 2",BOS,L,37-23,1,Tied,N,38640,1.34,-,30,Harris,SA,2018,0.616666667,,
61,"Sunday, Jun 3",BOS,L,37-24,2,1,N,33431,1.33,--,31,Morton,S,2018,0.606557377,,
62,"Tuesday, Jun 5",SEA,L,37-25,2,2,N,35646,1.76,---,32,Keuchel,T,2018,0.596774194,,
63,"Wednesday, Jun 6",SEA,W,38-25,2,1,N,30361,1.75,+,33,Devenski,W,2018,0.603174603,,
74,"Monday, Jun 18",TBR,W,49-25,1,up 2.0,N,34151,1.04,++++++++++++,34,McHugh,M,2018,0.662162162,,
75,"Tuesday, Jun 19",TBR,L,49-26,1,up 2.0,N,37414,0.98,-,35,Rondón,T,2018,0.653333333,,
76,"Wednesday, Jun 20",TBR,W,50-26,1,up 3.0,N,43409,1.06,+,36,Morton,W,2018,0.657894737,,
77,"Friday, Jun 22",KCR,L,50-27,1,up 3.5,N,39357,1.04,-,37,Giles,F,2018,0.649350649,,
78,"Saturday, Jun 23",KCR,W,51-27,1,up 3.5,N,40028,1.03,+,38,McHugh,SA,2018,0.653846154,,
79,"Sunday, Jun 24",KCR,W,52-27,1,up 4.5,D,41823,1.02,++,39,Cole,S,2018,0.658227848,,
80,"Monday, Jun 25",TOR,L,52-28,1,up 3.5,N,28791,0.91,-,40,Verlander,M,2018,0.65,,
81,"Tuesday, Jun 26",TOR,W,53-28,1,up 3.5,N,38700,1.04,+,41,Morton,T,2018,0.654320988,,
82,"Wednesday, Jun 27",TOR,W,54-28,1,up 3.5,D,39191,0.96,++,42,Harris,W,2018,0.658536585,,
89,"Thursday, Jul 5",CHW,W,58-31,1,up 1.5,N,34955,1.06,+++,43,Smith,TH,2018,0.651685393,,
90,"Friday, Jul 6",CHW,W,59-31,1,up 2.5,N,38153,1.02,++++,44,McCullers,F,2018,0.655555556,,
91,"Saturday, Jul 7",CHW,W,60-31,1,up 3.5,D,39568,0.94,+++++,45,Morton,SA,2018,0.659340659,,
92,"Sunday, Jul 8",CHW,W,61-31,1,up 3.5,D,41654,0.89,++++++,46,Keuchel,S,2018,0.663043478,,
93,"Monday, Jul 9",OAK,L,61-32,1,up 3.0,N,28301,1.07,-,47,Peacock,M,2018,0.655913978,,
94,"Tuesday, Jul 10",OAK,W,62-32,1,up 4.0,N,34585,1.19,+,48,McHugh,T,2018,0.659574468,,
95,"Wednesday, Jul 11",OAK,L,62-33,1,up 3.0,N,41119,1.07,-,49,McCullers,W,2018,0.652631579,,
96,"Thursday, Jul 12",OAK,L,62-34,1,up 3.0,D,38900,1.22,--,50,Devenski,TH,2018,0.645833333,,
97,"Friday, Jul 13",DET,W,63-34,1,up 4.0,N,38843,1.1,+,51,Keuchel,F,2018,0.649484536,,
98,"Saturday, Jul 14",DET,W,64-34,1,up 5.0,D,40405,0.97,++,52,Cole,SA,2018,0.653061224,,
99,"Sunday, Jul 15",DET,L,64-35,1,up 5.0,D,39455,0.92,-,53,Verlander,S,2018,0.646464646,,
105,"Friday, Jul 27",TEX,L,67-38,1,up 5.0,N,42592,1.06,--,54,Keuchel,F,2018,0.638095238,,
106,"Saturday, Jul 28",TEX,L,67-39,1,up 5.0,N,43093,1.06,---,55,Verlander,SA,2018,0.632075472,,
107,"Sunday, Jul 29",TEX,L,67-40,1,up 4.0,D,40560,1.12,----,56,McCullers,S,2018,0.626168224,,
116,"Thursday, Aug 9",SEA,L,73-43,1,up 4.5,N,34976,1.1,-,57,Verlander,TH,2018,0.629310345,,
117,"Friday, Aug 10",SEA,L,73-44,1,up 4.5,N,41236,1.31,--,58,Cole,F,2018,0.623931624,,
118,"Saturday, Aug 11",SEA,L,73-45,1,up 3.5,N,38888,1.52,---,59,Morton,SA,2018,0.618644068,,
119,"Sunday, Aug 12",SEA,L,73-46,1,up 2.5,D,40048,1.83,----,60,Osuna,S,2018,0.613445378,,
120,"Tuesday, Aug 14",COL,L,73-47,1,up 1.0,N,35813,1.49,-----,61,Verlander,T,2018,0.608333333,,
121,"Wednesday, Aug 15",COL,W,74-47,1,up 2.0,N,29967,1.52,+,62,Cole,W,2018,0.611570248,,
131,"Monday, Aug 27",OAK,W,81-50,1,up 2.5,N,43171,2.41,++++++,63,Cole,M,2018,0.618320611,,
132,"Tuesday, Aug 28",OAK,L,81-51,1,up 1.5,N,33136,2.2,-,64,Osuna,T,2018,0.613636364,,
133,"Wednesday, Aug 29",OAK,W,82-51,1,up 2.5,D,32926,2.59,+,65,Osuna,W,2018,0.616541353,,
134,"Thursday, Aug 30",LAA,L,82-52,1,up 2.5,N,30371,1.24,-,66,Verlander,TH,2018,0.611940299,,
135,"Friday, Aug 31",LAA,L,82-53,1,up 1.5,N,35675,1.3,--,67,Valdez,F,2018,0.607407407,,
136,"Saturday, Sep 1",LAA,W,83-53,1,up 2.5,N,41622,1.57,+,68,Smith,SA,2018,0.610294118,,
137,"Sunday, Sep 2",LAA,W,84-53,1,up 2.5,N,41506,1.35,++,69,Cole,S,2018,0.613138686,,
138,"Monday, Sep 3",MIN,W,85-53,1,up 2.5,D,39559,1.24,+++,70,Keuchel,M,2018,0.615942029,,
139,"Tuesday, Sep 4",MIN,W,86-53,1,up 3.5,N,31315,1.21,++++,71,Verlander,T,2018,0.618705036,,
140,"Wednesday, Sep 5",MIN,W,87-53,1,up 3.5,N,31011,0.94,+++++,72,Valdez,W,2018,0.621428571,,
147,"Friday, Sep 14",ARI,L,92-55,1,up 2.5,N,36924,0.75,-,73,Rondón,F,2018,0.62585034,,
148,"Saturday, Sep 15",ARI,W,93-55,1,up 3.5,N,38345,1.15,+,74,Morton,SA,2018,0.628378378,,
149,"Sunday, Sep 16",ARI,W,94-55,1,up 4.5,D,37889,0.76,++,75,Verlander,S,2018,0.630872483,,
150,"Monday, Sep 17",SEA,L,94-56,1,up 4.0,N,43144,0.41,-,76,Rondón,M,2018,0.626666667,,
151,"Tuesday, Sep 18",SEA,W,95-56,1,up 5.0,N,35715,0.56,+,77,James,T,2018,0.629139073,,
152,"Wednesday, Sep 19",SEA,L,95-57,1,up 4.0,N,31229,0.24,-,78,Keuchel,W,2018,0.625,,
153,"Friday, Sep 21",LAA,W,96-57,1,up 3.5,N,39977,0.63,+,79,Cole,F,2018,0.62745098,,
154,"Saturday, Sep 22",LAA,W,97-57,1,up 3.5,N,41822,0.59,++,80,McHugh,SA,2018,0.62987013,,
155,"Sunday, Sep 23",LAA,W,98-57,1,up 4.5,D,43247,0.54,+++,81,Valdez,S,2018,0.632258065,,
8,"Friday, Apr 5",OAK,W,3-5,4,3.5,N,43165,0.9,+,1,McHugh,F,2019,0.375,,
9,"Saturday, Apr 6",OAK,W,4-5,4,3.5,N,34487,0.97,++,2,Miley,SA,2019,0.444444444,,
10,"Sunday, Apr 7",OAK,W,5-5,2,3.5,D,34902,1.01,+++,3,Osuna,S,2019,0.5,,
11,"Monday, Apr 8",NYY,W,6-5,2,3.5,N,27631,0.97,++++,4,Pressly,M,2019,0.545454545,,
12,"Tuesday, Apr 9",NYY,W,7-5,2,3.5,N,31009,0.97,+++++,5,Rondón,T,2019,0.583333333,,
13,"Wednesday, Apr 10",NYY,W,8-5,2,3.5,N,27685,1.01,++++++,6,McHugh,W,2019,0.615384615,,
22,"Monday, Apr 22",MIN,L,13-9,2,1.5,N,34518,1.17,---,7,Peacock,M,2019,0.590909091,,
23,"Tuesday, Apr 23",MIN,W,14-9,2,0.5,N,29409,1.17,+,8,Rondón,T,2019,0.608695652,,
24,"Wednesday, Apr 24",MIN,W,15-9,1,up 0.5,N,26582,1.2,++,9,Verlander,W,2019,0.625,,
25,"Thursday, Apr 25",CLE,L,15-10,2,0.5,N,24948,1.24,-,10,Cole,TH,2019,0.6,,
26,"Friday, Apr 26",CLE,L,15-11,2,1.5,N,38084,1.23,--,11,Rondón,F,2019,0.576923077,,
27,"Saturday, Apr 27",CLE,W,16-11,2,0.5,D,38667,1.17,+,12,Osuna,SA,2019,0.592592593,,
28,"Sunday, Apr 28",CLE,W,17-11,1,up 0.5,N,31025,1.25,++,13,Valdez,S,2019,0.607142857,,
35,"Monday, May 6",KCR,W,21-14,1,up 3.0,N,27079,1.25,+++,14,Cole,M,2019,0.6,,
36,"Tuesday, May 7",KCR,L,21-15,1,up 3.0,N,30377,1.31,-,15,McHugh,T,2019,0.583333333,,
37,"Wednesday, May 8",KCR,W,22-15,1,up 3.0,N,22698,1.28,+,16,Peacock,W,2019,0.594594595,,
38,"Thursday, May 9",TEX,W,23-15,1,up 4.0,N,26657,1.5,++,17,Miley,TH,2019,0.605263158,,
39,"Friday, May 10",TEX,W,24-15,1,up 5.0,N,33023,1.52,+++,18,Verlander,F,2019,0.615384615,,
40,"Saturday, May 11",TEX,W,25-15,1,up 5.5,N,35849,1.52,++++,19,Cole,SA,2019,0.625,,
41,"Sunday, May 12",TEX,W,26-15,1,up 6.5,D,41027,1.47,+++++,20,Martin,S,2019,0.634146341,,
48,"Monday, May 20",CHW,W,32-16,1,up 8.5,N,24364,1.14,+,21,Peacock,M,2019,0.666666667,,
49,"Tuesday, May 21",CHW,W,33-16,1,up 8.5,N,31392,1.1,++,22,Verlander,T,2019,0.673469388,,
50,"Wednesday, May 22",CHW,L,33-17,1,up 7.5,N,30237,1.05,-,23,Cole,W,2019,0.66,,
51,"Thursday, May 23",CHW,L,33-18,1,up 7.0,N,26073,1.14,--,24,Martin,TH,2019,0.647058824,,
52,"Friday, May 24",BOS,W,34-18,1,up 7.0,N,35606,1.22,+,25,Miley,F,2019,0.653846154,,
53,"Saturday, May 25",BOS,W,35-18,1,up 7.0,N,40722,1.17,++,26,Osuna,SA,2019,0.660377358,,
54,"Sunday, May 26",BOS,L,35-19,1,up 6.0,D,41502,1.11,-,27,Verlander,S,2019,0.648148148,,
55,"Monday, May 27",CHC,W,36-19,1,up 6.0,D,42135,1.13,+,28,Cole,M,2019,0.654545455,,
56,"Tuesday, May 28",CHC,W,37-19,1,up 7.0,N,31030,1.05,++,29,James,T,2019,0.660714286,,
57,"Wednesday, May 29",CHC,L,37-20,1,up 7.0,N,33243,1.03,-,30,Miley,W,2019,0.649122807,,
65,"Friday, Jun 7",BAL,W,44-21,1,up10.0,N,35414,0.77,++,31,Pérez,F,2019,0.676923077,,
66,"Saturday, Jun 8",BAL,L,44-22,1,up 8.5,D,38425,0.7,-,32,Harris,SA,2019,0.666666667,,
67,"Sunday, Jun 9",BAL,W,45-22,1,up 9.5,D,35621,0.79,+,33,Miley,S,2019,0.671641791,,
68,"Tuesday, Jun 11",MIL,W,46-22,1,up 9.0,N,35928,0.72,++,34,Peacock,T,2019,0.676470588,,
69,"Wednesday, Jun 12",MIL,L,46-23,1,up 9.0,N,40032,0.7,-,35,Pérez,W,2019,0.666666667,,
70,"Friday, Jun 14",TOR,W,47-23,1,up 9.5,N,34719,0.75,+,36,Cole,F,2019,0.671428571,,
71,"Saturday, Jun 15",TOR,W,48-23,1,up 9.5,D,38012,0.68,++,37,Valdez,SA,2019,0.676056338,,
72,"Sunday, Jun 16",TOR,L,48-24,1,up 9.5,D,42174,0.66,-,38,Peacock,S,2019,0.666666667,,
80,"Tuesday, Jun 25",PIT,W,50-30,1,up 6.5,N,37193,1.09,++,39,Cole,T,2019,0.625,,
81,"Wednesday, Jun 26",PIT,L,50-31,1,up 5.5,N,39312,1.05,-,40,Valdez,W,2019,0.617283951,,
82,"Thursday, Jun 27",PIT,L,50-32,1,up 4.5,D,38943,1.19,--,41,Peacock,TH,2019,0.609756098,,
83,"Friday, Jun 28",SEA,W,51-32,1,up 4.5,N,32828,1.27,+,42,Harris,F,2019,0.614457831,,
84,"Saturday, Jun 29",SEA,W,52-32,1,up 5.5,N,35082,1.31,++,43,Devenski,SA,2019,0.619047619,,
85,"Sunday, Jun 30",SEA,W,53-32,1,up 6.5,D,32485,1.16,+++,44,Cole,S,2019,0.623529412,,
88,"Friday, Jul 5",LAA,L,55-33,1,up 6.0,N,41219,1.05,-,45,Verlander,F,2019,0.625,,
89,"Saturday, Jul 6",LAA,W,56-33,1,up 7.0,N,39470,1.14,+,46,Cole,SA,2019,0.629213483,,
90,"Sunday, Jul 7",LAA,W,57-33,1,up 7.0,D,37264,1.06,++,47,Pressly,S,2019,0.633333333,,
99,"Friday, Jul 19",TEX,W,62-37,1,up 5.0,N,42287,1.1,+++,48,Verlander,F,2019,0.626262626,,
100,"Saturday, Jul 20",TEX,W,63-37,1,up 5.0,N,41643,1.03,++++,49,Urquidy,SA,2019,0.63,,
101,"Sunday, Jul 21",TEX,W,64-37,1,up 6.0,D,37655,0.95,+++++,50,Armenteros,S,2019,0.633663366,,
102,"Monday, Jul 22",OAK,W,65-37,1,up 7.0,N,41534,1.25,++++++,51,Cole,M,2019,0.637254902,,
103,"Tuesday, Jul 23",OAK,L,65-38,1,up 6.0,N,39204,1.06,-,52,McHugh,T,2019,0.631067961,,
104,"Wednesday, Jul 24",OAK,W,66-38,1,up 7.0,D,41838,1.26,+,53,Verlander,W,2019,0.634615385,,
111,"Friday, Aug 2",SEA,W,71-40,1,up 8.0,N,41444,0.52,++,54,Miley,F,2019,0.63963964,,
112,"Saturday, Aug 3",SEA,W,72-40,1,up 8.0,N,37059,0.48,+++,55,Sanchez,SA,2019,0.642857143,,
113,"Sunday, Aug 4",SEA,W,73-40,1,up 8.0,D,39667,0.42,++++,56,Verlander,S,2019,0.646017699,,
114,"Tuesday, Aug 6",COL,W,74-40,1,up 8.5,N,43243,0.43,+++++,57,Greinke,T,2019,0.649122807,,
115,"Wednesday, Aug 7",COL,W,75-40,1,up 9.5,D,35566,0.42,++++++,58,Cole,W,2019,0.652173913,,
126,"Monday, Aug 19",DET,W,80-46,1,up 7.5,N,40499,0.46,++,59,Miley,M,2019,0.634920635,,
127,"Tuesday, Aug 20",DET,W,81-46,1,up 7.5,N,30143,0.4,+++,60,Peacock,T,2019,0.637795276,,
128,"Wednesday, Aug 21",DET,L,81-47,1,up 6.5,N,29567,0.39,-,61,Verlander,W,2019,0.6328125,,
129,"Thursday, Aug 22",DET,W,82-47,1,up 6.5,N,27220,0.48,+,62,Cole,TH,2019,0.635658915,,
130,"Friday, Aug 23",LAA,W,83-47,1,up 7.0,N,35201,0.43,++,63,Greinke,F,2019,0.638461538,,
131,"Saturday, Aug 24",LAA,W,84-47,1,up 8.0,N,37862,0.39,+++,64,Miley,SA,2019,0.641221374,,
132,"Sunday, Aug 25",LAA,W,85-47,1,up 9.0,D,38989,0.33,++++,65,Valdez,S,2019,0.643939394,,
133,"Tuesday, Aug 27",TBR,W,86-47,1,up 8.5,N,28454,0.23,+++++,66,Verlander,T,2019,0.646616541,,
134,"Wednesday, Aug 28",TBR,W,87-47,1,up 9.5,N,25539,0.25,++++++,67,Harris,W,2019,0.649253731,,
135,"Thursday, Aug 29",TBR,L,87-48,1,up 8.5,D,33051,0.19,-,68,Devenski,TH,2019,0.644444444,,
141,"Thursday, Sep 5",SEA,W,91-50,1,up 8.5,N,27822,0.23,+,69,James,TH,2019,0.645390071,,
142,"Friday, Sep 6",SEA,W,92-50,1,up 9.5,N,33149,0.21,++,70,Smith,F,2019,0.647887324,,
143,"Saturday, Sep 7",SEA,W,93-50,1,up 9.5,N,41958,0.17,+++,71,Verlander,SA,2019,0.65034965,,
144,"Sunday, Sep 8",SEA,W,94-50,1,up 9.5,D,35569,0.17,++++,72,Cole,S,2019,0.652777778,,
145,"Monday, Sep 9",OAK,W,95-50,1,up10.5,N,38289,0.14,+++++,73,Greinke,M,2019,0.655172414,,
146,"Tuesday, Sep 10",OAK,L,95-51,1,up 9.5,N,32100,0.1,-,74,Miley,T,2019,0.650684932,,
147,"Wednesday, Sep 11",OAK,L,95-52,1,up 8.5,N,32938,0.11,--,75,James,W,2019,0.646258503,,
148,"Thursday, Sep 12",OAK,L,95-53,1,up 7.5,N,34024,0.18,---,76,Verlander,TH,2019,0.641891892,,
152,"Tuesday, Sep 17",TEX,W,99-53,1,up 8.0,N,39650,0.12,++++,77,Verlander,T,2019,0.651315789,,
153,"Wednesday, Sep 18",TEX,W,100-53,1,up 8.0,N,38417,0.18,+++++,78,Cole,W,2019,0.653594771,,
154,"Friday, Sep 20",LAA,W,101-53,1,up 8.0,N,40106,0.08,++++++,79,Greinke,F,2019,0.655844156,,
155,"Saturday, Sep 21",LAA,L,101-54,1,up 7.0,N,43264,0.07,-,80,Miley,SA,2019,0.651612903,,
156,"Sunday, Sep 22",LAA,W,102-54,1,up 8.0,D,43169,0.15,+,81,Verlander,S,2019,0.653846154,,
10,"Monday, Apr 18",LAA,W,6-4,1,up 0.5,N,42646,1.09,+,1,Garcia,M,2022,0.6,,
11,"Tuesday, Apr 19",LAA,L,6-5,3,0.5,N,30212,1.15,-,2,Valdez,T,2022,0.545454545,,
12,"Wednesday, Apr 20",LAA,L,6-6,4,1.5,N,29049,1.05,--,3,Odorizzi,W,2022,0.5,,
13,"Friday, Apr 22",TOR,L,6-7,4,1.5,N,36757,1.01,---,4,Neris,F,2022,0.461538462,,
14,"Saturday, Apr 23",TOR,L,6-8,4,2.5,D,36075,0.96,----,5,Taylor,SA,2022,0.428571429,,
15,"Sunday, Apr 24",TOR,W,7-8,4,2.5,D,39534,0.93,+,6,Taylor,S,2022,0.466666667,,
23,"Monday, May 2",SEA,W,11-12,2,2.5,N,27321,1.09,+,7,Odorizzi,M,2022,0.47826087,,
24,"Tuesday, May 3",SEA,W,13-11,2,1.5,N,23796,1.14,++,8,Javier,T,2022,0.541666667,,
25,"Wednesday, May 4",SEA,W,14-11,2,1.5,D,24110,1.19,+++,9,Verlander,W,2022,0.56,,
26,"Thursday, May 5",DET,W,15-11,2,1.5,N,24116,1.11,++++,10,Pressly,TH,2022,0.576923077,,
27,"Friday, May 6",DET,W,16-11,2,1.5,N,38020,1.12,+++++,11,Garcia,F,2022,0.592592593,,
28,"Saturday, May 7",DET,W,17-11,2,0.5,D,34109,1.13,++++++,12,Abreu,SA,2022,0.607142857,,
29,"Sunday, May 8",DET,W,18-11,2,0.5,D,36934,1.15,+++++++,13,Odorizzi,S,2022,0.620689655,,
39,"Thursday, May 19",TEX,W,25-14,1,up 1.5,N,34593,1.34,+,14,Valdez,TH,2022,0.641025641,,
40,"Friday, May 20",TEX,L,25-15,1,up 1.5,N,35294,1.27,-,15,Javier,F,2022,0.625,,
41,"Saturday, May 21",TEX,W,26-15,1,up 1.5,N,37187,1.3,+,16,Verlander,SA,2022,0.634146341,,
42,"Sunday, May 22",TEX,W,27-15,1,up 1.5,D,38745,1.28,++,17,Urquidy,S,2022,0.642857143,,
43,"Monday, May 23",CLE,L,27-16,1,up 1.0,N,28284,1.23,-,18,Garcia,M,2022,0.627906977,,
44,"Tuesday, May 24",CLE,W,28-16,1,up 1.0,N,26621,1.28,+,19,Valdez,T,2022,0.636363636,,
45,"Wednesday, May 25",CLE,W,29-16,1,up 2.0,N,25412,1.23,++,20,Javier,W,2022,0.644444444,,
55,"Monday, Jun 6",SEA,L,35-20,1,up 8.5,N,27521,1.13,-,21,Javier,M,2022,0.636363636,,
56,"Tuesday, Jun 7",SEA,W,36-20,1,up 9.5,N,30583,1.23,+,22,Verlander,T,2022,0.642857143,,
57,"Wednesday, Jun 8",SEA,L,36-21,1,up 9.5,N,23752,1.14,-,23,Urquidy,W,2022,0.631578947,,
58,"Friday, Jun 10",MIA,L,36-22,1,up 9.0,N,34163,1.09,--,24,Garcia,F,2022,0.620689655,,
59,"Saturday, Jun 11",MIA,L,36-23,1,up 8.0,D,31379,1.13,---,25,Valdez,SA,2022,0.610169492,,
60,"Sunday, Jun 12",MIA,W,37-23,1,up 8.5,D,29341,1.17,+,26,Verlander,S,2022,0.616666667,,
64,"Friday, Jun 17",CHW,W,40-24,1,up 9.0,N,35467,1.17,+++,27,Valdez,F,2022,0.625,,
65,"Saturday, Jun 18",CHW,L,40-25,1,up 9.0,D,36747,1.14,-,28,Verlander,SA,2022,0.615384615,,
66,"Sunday, Jun 19",CHW,W,41-25,1,up 9.5,N,37709,1.17,+,29,Javier,S,2022,0.621212121,,
67,"Tuesday, Jun 21",NYM,W,42-25,1,up10.0,N,35140,1.05,++,30,Urquidy,T,2022,0.626865672,,
68,"Wednesday, Jun 22",NYM,W,43-25,1,up10.0,D,35415,1,+++,31,Garcia,W,2022,0.632352941,,
75,"Thursday, Jun 30",NYY,W,48-27,1,up11.5,N,40674,0.88,+++,32,Garcia,TH,2022,0.64,,
76,"Friday, Jul 1",LAA,W,49-27,1,up12.5,N,36420,0.84,++++,33,Javier,F,2022,0.644736842,,
77,"Saturday, Jul 2",LAA,W,50-27,1,up12.5,D,35332,0.73,+++++,34,Urquidy,SA,2022,0.649350649,,
78,"Sunday, Jul 3",LAA,W,51-27,1,up13.5,D,36048,0.68,++++++,35,Pressly,S,2022,0.653846154,,
79,"Monday, Jul 4",KCR,W,52-27,1,up13.5,D,33936,0.58,+++++++,36,Stanek,M,2022,0.658227848,,
80,"Tuesday, Jul 5",KCR,W,53-27,1,up13.5,N,28762,0.54,++++++++,37,Garcia,T,2022,0.6625,,
81,"Wednesday, Jul 6",KCR,L,53-28,1,up13.0,N,26534,0.48,-,38,Javier,W,2022,0.654320988,,
82,"Thursday, Jul 7",KCR,W,54-28,1,up13.0,D,36067,0.5,+,39,Verlander,TH,2022,0.658536585,,
89,"Friday, Jul 15",OAK,L,58-31,1,up10.0,N,39434,0.37,-,40,Urquidy,F,2022,0.651685393,,
90,"Saturday, Jul 16",OAK,W,59-31,1,up10.0,D,39125,0.42,+,41,Verlander,SA,2022,0.655555556,,
91,"Sunday, Jul 17",OAK,L,59-32,1,up 9.0,D,34534,0.43,-,42,Montero,S,2022,0.648351648,,
92,"Thursday, Jul 21 (1)",NYY,W,60-32,1,up10.0,D,36225,0.51,+,43,Neris,TH,2022,0.652173913,,
93,"Thursday, Jul 21 (2)",NYY,W,61-32,1,up10.0,N,39342,0.47,++,44,Garcia,TH,2022,0.655913978,,
100,"Thursday, Jul 28",SEA,W,65-35,1,up11.0,N,29799,0.45,+,45,Montero,TH,2022,0.65,,
101,"Friday, Jul 29",SEA,W,66-35,1,up12.0,N,38497,0.32,++,46,Verlander,F,2022,0.653465347,,
102,"Saturday, Jul 30",SEA,L,66-36,1,up11.0,N,37385,0.25,-,47,Pressly,SA,2022,0.647058824,,
103,"Sunday, Jul 31",SEA,W,67-36,1,up12.0,D,35773,0.31,+,48,Neris,S,2022,0.650485437,,
104,"Monday, Aug 1",BOS,L,67-37,1,up12.0,N,35185,0.2,-,49,Garcia,M,2022,0.644230769,,
105,"Tuesday, Aug 2",BOS,L,67-38,1,up11.0,N,31229,0.24,--,50,Javier,T,2022,0.638095238,,
106,"Wednesday, Aug 3",BOS,W,68-38,1,up11.0,D,32295,0.28,+,51,Urquidy,W,2022,0.641509434,,
111,"Tuesday, Aug 9",TEX,W,71-40,1,up11.5,N,30629,0.19,+,52,Urquidy,T,2022,0.63963964,,
112,"Wednesday, Aug 10",TEX,L,71-41,1,up10.5,N,26670,0.17,-,53,Maton,W,2022,0.633928571,,
113,"Thursday, Aug 11",TEX,W,72-41,1,up11.0,D,30872,0.2,+,54,Valdez,TH,2022,0.637168142,,
114,"Friday, Aug 12",OAK,W,73-41,1,up11.0,N,31230,0.16,++,55,Garcia,F,2022,0.640350877,,
115,"Saturday, Aug 13",OAK,W,74-41,1,up12.0,N,34078,0.15,+++,56,McCullers,SA,2022,0.643478261,,
116,"Sunday, Aug 14",OAK,W,75-41,1,up13.0,D,38906,0.11,++++,57,Javier,S,2022,0.646551724,,
124,"Tuesday, Aug 23",MIN,W,79-45,1,up11.5,N,32639,0.11,++,58,Verlander,T,2022,0.637096774,,
125,"Wednesday, Aug 24",MIN,W,80-45,1,up12.5,N,27070,0.11,+++,59,Valdez,W,2022,0.64,,
126,"Thursday, Aug 25",MIN,W,81-45,1,up12.5,N,33320,0.08,++++,60,Garcia,TH,2022,0.642857143,,
127,"Friday, Aug 26",BAL,L,81-46,1,up11.5,N,31035,0.09,-,61,Javier,F,2022,0.637795276,,
128,"Saturday, Aug 27",BAL,L,81-47,1,up11.5,N,34526,0.09,--,62,Urquidy,SA,2022,0.6328125,,
129,"Sunday, Aug 28",BAL,W,82-47,1,up11.5,D,31559,0.07,+,63,Stanek,S,2022,0.635658915,,
135,"Monday, Sep 5",TEX,W,87-48,1,up11.0,N,35162,0.08,++,64,Brown,M,2022,0.644444444,,
136,"Tuesday, Sep 6",TEX,L,87-49,1,up10.0,N,26803,0.07,-,65,Valdez,T,2022,0.639705882,,
137,"Wednesday, Sep 7",TEX,W,88-49,1,up11.0,N,26239,0.07,+,66,Neris,W,2022,0.642335766,,
138,"Friday, Sep 9",LAA,W,89-49,1,up12.0,N,33509,0.07,++,67,McCullers,F,2022,0.644927536,,
139,"Saturday, Sep 10",LAA,L,89-50,1,up11.0,N,38533,0.06,-,68,Urquidy,SA,2022,0.64028777,,
140,"Sunday, Sep 11",LAA,W,90-50,1,up11.0,D,32901,0.06,+,69,Garcia,S,2022,0.642857143,,
144,"Thursday, Sep 15",OAK,W,94-50,1,up13.0,N,26543,0.03,+++++,70,Martinez,TH,2022,0.652777778,,
145,"Friday, Sep 16",OAK,W,95-50,1,up14.0,N,33850,0.03,++++++,71,Verlander,F,2022,0.655172414,,
146,"Saturday, Sep 17",OAK,L,95-51,1,up14.0,N,33419,0.02,-,72,Urquidy,SA,2022,0.650684932,,
147,"Sunday, Sep 18",OAK,W,96-51,1,up15.0,D,30375,0.03,+,73,Valdez,S,2022,0.653061224,,
155,"Tuesday, Sep 27",ARI,W,102-53,1,up18.0,N,37480,0.01,+++,74,Garcia,T,2022,0.658064516,,
156,"Wednesday, Sep 28",ARI,L,102-54,1,up17.0,N,35670,0.01,-,75,Smith,W,2022,0.653846154,,
157,"Friday, Sep 30",TBR,L,102-55,1,up15.5,N,37349,0,--,76,Valdez,F,2022,0.649681529,,
158,"Saturday, Oct 1",TBR,W,103-55,1,up15.5,N,37406,0,+,77,Javier,SA,2022,0.651898734,,
159,"Sunday, Oct 2",TBR,W,104-55,1,up16.5,D,35809,0,++,78,Garcia,S,2022,0.65408805,,
160,"Monday, Oct 3",PHI,L,104-56,1,up16.5,N,32324,0,-,79,McCullers,M,2022,0.65,,
161,"Tuesday, Oct 4",PHI,W,105-56,1,up16.0,N,32032,0,+,80,Verlander,T,2022,0.652173913,,
162,"Wednesday, Oct 5",PHI,W,106-56,1,up16.0,D,32432,0,++,81,Valdez,W,2022,0.654320988,,
